level,axis,start,end,duration_s,peak_deviation,mean_deviation,limit_c,min_duration_s
ALERT,Axis #2,2022-10-31 17:00:00.535,2022-10-31 17:01:29.348,88.8,24.512,24.512,16.341,30.0
ALERT,Axis #3,2022-11-01 08:00:00.554,2022-11-01 08:04:01.736,241.2,47.411,30.759,12.027,30.0
ERROR,Axis #3,2022-11-01 08:00:00.554,2022-11-01 08:03:59.869,239.3,47.411,30.836,24.054,30.0
ALERT,Axis #7,2022-11-01 15:00:01.372,2022-11-01 15:01:58.549,117.2,7.94,7.939,6.107,30.0
ALERT,Axis #6,2022-11-01 21:10:52.596,2022-11-01 21:24:59.134,846.5,22.57,11.207,5.445,30.0
ERROR,Axis #6,2022-11-01 21:17:57.072,2022-11-01 21:24:59.134,422.1,19.556,13.695,10.89,30.0
ALERT,Axis #2,2022-11-02 08:00:00.512,2022-11-02 08:02:28.203,147.7,62.309,41.309,16.341,30.0
ERROR,Axis #2,2022-11-02 08:00:00.512,2022-11-02 08:02:28.203,147.7,62.309,41.309,32.683,30.0
ALERT,Axis #3,2022-11-02 08:00:00.512,2022-11-02 08:02:28.203,147.7,50.219,31.086,12.027,30.0
ERROR,Axis #3,2022-11-02 08:00:00.512,2022-11-02 08:02:28.203,147.7,50.219,31.086,24.054,30.0
ALERT,Axis #4,2022-11-02 08:00:00.512,2022-11-02 08:02:28.203,147.7,22.618,11.01,4.474,30.0
ERROR,Axis #4,2022-11-02 08:00:00.512,2022-11-02 08:02:28.203,147.7,22.618,11.01,8.947,30.0
