axis,start,end,length_s,sigma,kind
Axis #2,2022-10-31 17:00:00.535,2022-10-31 17:01:29.348,88.8,3.0,step
Axis #5,2022-10-31 21:00:01.248,2022-10-31 21:00:18.291,17.0,5.0,step
Axis #3,2022-11-01 08:00:00.554,2022-11-01 08:03:59.869,239.3,5.0,step
Axis #7,2022-11-01 15:00:01.372,2022-11-01 15:01:58.549,117.2,2.6,step
Axis #6,2022-11-01 21:00:01.587,2022-11-01 21:24:59.134,1497.5,6.0,ramp
Axis #1,2022-11-02 04:00:01.586,2022-11-02 04:04:58.197,296.6,1.0,step
Axis #2,2022-11-02 08:00:00.512,2022-11-02 08:02:28.203,147.7,4.5,step
Axis #3,2022-11-02 08:00:00.512,2022-11-02 08:02:28.203,147.7,4.5,step
Axis #4,2022-11-02 08:00:00.512,2022-11-02 08:02:28.203,147.7,4.5,step
